<?xml version="1.0" encoding="UTF-8"?>
<project-private xmlns="http://www.netbeans.org/ns/project-private/1">
    <editor-bookmarks xmlns="http://www.netbeans.org/ns/editor-bookmarks/2" lastBookmarkId="0"/>
    <open-files xmlns="http://www.netbeans.org/ns/projectui-open-files/2">
        <group>
            <file>file:/C:/Program%20Files/NetBeans-19/LoanManagement/src/CoverPage.java</file>
            <file>file:/C:/Program%20Files/NetBeans-19/LoanManagement/src/LoanSystemAppForm.java</file>
            <file>file:/C:/Program%20Files/NetBeans-19/LoanManagement/src/resources/loanbackgroundfinal.jpg</file>
            <file>file:/C:/Program%20Files/NetBeans-19/LoanManagement/src/SignupForm.java</file>
            <file>file:/C:/Program%20Files/NetBeans-19/LoanManagement/src/LoginForm.java</file>
        </group>
    </open-files>
</project-private>
